Test,Method,Calls,NewCalls,StateSpace,Bisim,NotBisim,Time
Test_01_B_LR_DS_100,fwd_1,401,101,202,202,0,0.0
Test_01_B_LR_DS_100,fwd_1,401,101,202,202,0,15.625
Test_01_B_LR_DS_100,fwd_1,401,101,202,202,0,31.25
Test_01_B_LR_DS_100,fwd_e,401,101,202,202,0,46.875
Test_01_B_LR_DS_100,fwd_e,401,101,202,202,0,0.0
Test_01_B_LR_DS_100,fwd_e,401,101,202,202,0,46.875
Test_01_B_LR_DS_100,fwd_2,0,0,202,202,0,15.625
Test_01_B_LR_DS_100,fwd_2,0,0,202,202,0,15.625
Test_01_B_LR_DS_100,fwd_2,0,0,202,202,0,0.0
Test_01_B_LR_DS_100,fwd_g2,401,101,402,202 101 101 {True},0,31.25
Test_01_B_LR_DS_100,fwd_g2,401,101,402,202 101 101 {True},0,0.0
Test_01_B_LR_DS_100,fwd_g2,401,101,402,202 101 101 {True},0,46.875
Test_01_B_LR_DS_200,fwd_1,801,201,402,402,0,125.0
Test_01_B_LR_DS_200,fwd_1,801,201,402,402,0,171.875
Test_01_B_LR_DS_200,fwd_1,801,201,402,402,0,203.125
Test_01_B_LR_DS_200,fwd_e,801,201,402,402,0,234.375
Test_01_B_LR_DS_200,fwd_e,801,201,402,402,0,203.125
Test_01_B_LR_DS_200,fwd_e,801,201,402,402,0,156.25
Test_01_B_LR_DS_200,fwd_2,0,0,402,402,0,281.25
Test_01_B_LR_DS_200,fwd_2,0,0,402,402,0,140.625
Test_01_B_LR_DS_200,fwd_2,0,0,402,402,0,125.0
Test_01_B_LR_DS_200,fwd_g2,801,201,802,402 201 201 {True},0,234.375
Test_01_B_LR_DS_200,fwd_g2,801,201,802,402 201 201 {True},0,265.625
Test_01_B_LR_DS_200,fwd_g2,801,201,802,402 201 201 {True},0,296.875
Test_01_B_LR_DS_300,fwd_1,1201,301,602,602,0,343.75
Test_01_B_LR_DS_300,fwd_1,1201,301,602,602,0,390.625
Test_01_B_LR_DS_300,fwd_1,1201,301,602,602,0,437.5
Test_01_B_LR_DS_300,fwd_e,1201,301,602,602,0,593.75
Test_01_B_LR_DS_300,fwd_e,1201,301,602,602,0,390.625
Test_01_B_LR_DS_300,fwd_e,1201,301,602,602,0,468.75
Test_01_B_LR_DS_300,fwd_2,0,0,602,602,0,265.625
Test_01_B_LR_DS_300,fwd_2,0,0,602,602,0,312.5
Test_01_B_LR_DS_300,fwd_2,0,0,602,602,0,312.5
Test_01_B_LR_DS_300,fwd_g2,1201,301,1202,602 301 301 {True},0,484.375
Test_01_B_LR_DS_300,fwd_g2,1201,301,1202,602 301 301 {True},0,468.75
Test_01_B_LR_DS_300,fwd_g2,1201,301,1202,602 301 301 {True},0,484.375
Test_01_B_LR_DS_400,fwd_1,1601,401,802,802,0,640.625
Test_01_B_LR_DS_400,fwd_1,1601,401,802,802,0,609.375
Test_01_B_LR_DS_400,fwd_1,1601,401,802,802,0,578.125
Test_01_B_LR_DS_400,fwd_e,1601,401,802,802,0,828.125
Test_01_B_LR_DS_400,fwd_e,1601,401,802,802,0,859.375
Test_01_B_LR_DS_400,fwd_e,1601,401,802,802,0,859.375
Test_01_B_LR_DS_400,fwd_2,0,0,802,802,0,468.75
Test_01_B_LR_DS_400,fwd_2,0,0,802,802,0,578.125
Test_01_B_LR_DS_400,fwd_2,0,0,802,802,0,453.125
Test_01_B_LR_DS_400,fwd_g2,1601,401,1602,802 401 401 {True},0,859.375
Test_01_B_LR_DS_400,fwd_g2,1601,401,1602,802 401 401 {True},0,953.125
Test_01_B_LR_DS_400,fwd_g2,1601,401,1602,802 401 401 {True},0,906.25
Test_01_B_LR_DS_500,fwd_1,2001,501,1002,1002,0,1046.875
Test_01_B_LR_DS_500,fwd_1,2001,501,1002,1002,0,921.875
Test_01_B_LR_DS_500,fwd_1,2001,501,1002,1002,0,1046.875
Test_01_B_LR_DS_500,fwd_e,2001,501,1002,1002,0,1359.375
Test_01_B_LR_DS_500,fwd_e,2001,501,1002,1002,0,1312.5
Test_01_B_LR_DS_500,fwd_e,2001,501,1002,1002,0,1328.125
Test_01_B_LR_DS_500,fwd_2,0,0,1002,1002,0,906.25
Test_01_B_LR_DS_500,fwd_2,0,0,1002,1002,0,765.625
Test_01_B_LR_DS_500,fwd_2,0,0,1002,1002,0,812.5
Test_01_B_LR_DS_500,fwd_g2,2001,501,2002,1002 501 501 {True},0,1359.375
Test_01_B_LR_DS_500,fwd_g2,2001,501,2002,1002 501 501 {True},0,1500.0
Test_01_B_LR_DS_500,fwd_g2,2001,501,2002,1002 501 501 {True},0,1328.125
Test_01_B_LR_DS_600,fwd_1,2401,601,1202,1202,0,1578.125
Test_01_B_LR_DS_600,fwd_1,2401,601,1202,1202,0,1453.125
Test_01_B_LR_DS_600,fwd_1,2401,601,1202,1202,0,1421.875
Test_01_B_LR_DS_600,fwd_e,2401,601,1202,1202,0,1937.5
Test_01_B_LR_DS_600,fwd_e,2401,601,1202,1202,0,1781.25
Test_01_B_LR_DS_600,fwd_e,2401,601,1202,1202,0,2078.125
Test_01_B_LR_DS_600,fwd_2,0,0,1202,1202,0,1343.75
Test_01_B_LR_DS_600,fwd_2,0,0,1202,1202,0,1203.125
Test_01_B_LR_DS_600,fwd_2,0,0,1202,1202,0,1296.875
Test_01_B_LR_DS_600,fwd_g2,2401,601,2402,1202 601 601 {True},0,1906.25
Test_01_B_LR_DS_600,fwd_g2,2401,601,2402,1202 601 601 {True},0,2062.5
Test_01_B_LR_DS_600,fwd_g2,2401,601,2402,1202 601 601 {True},0,2109.375
Test_01_B_LR_DS_700,fwd_1,2801,701,1402,1402,0,2109.375
Test_01_B_LR_DS_700,fwd_1,2801,701,1402,1402,0,2031.25
Test_01_B_LR_DS_700,fwd_1,2801,701,1402,1402,0,2187.5
Test_01_B_LR_DS_700,fwd_e,2801,701,1402,1402,0,2609.375
Test_01_B_LR_DS_700,fwd_e,2801,701,1402,1402,0,2281.25
Test_01_B_LR_DS_700,fwd_e,2801,701,1402,1402,0,2468.75
Test_01_B_LR_DS_700,fwd_2,0,0,1402,1402,0,1750.0
Test_01_B_LR_DS_700,fwd_2,0,0,1402,1402,0,1796.875
Test_01_B_LR_DS_700,fwd_2,0,0,1402,1402,0,1859.375
Test_01_B_LR_DS_700,fwd_g2,2801,701,2802,1402 701 701 {True},0,2796.875
Test_01_B_LR_DS_700,fwd_g2,2801,701,2802,1402 701 701 {True},0,2765.625
Test_01_B_LR_DS_700,fwd_g2,2801,701,2802,1402 701 701 {True},0,2828.125
Test_01_B_LR_DS_800,fwd_1,3201,801,1602,1602,0,2703.125
Test_01_B_LR_DS_800,fwd_1,3201,801,1602,1602,0,2593.75
Test_01_B_LR_DS_800,fwd_1,3201,801,1602,1602,0,2812.5
Test_01_B_LR_DS_800,fwd_e,3201,801,1602,1602,0,3375.0
Test_01_B_LR_DS_800,fwd_e,3201,801,1602,1602,0,3437.5
Test_01_B_LR_DS_800,fwd_e,3201,801,1602,1602,0,3906.25
Test_01_B_LR_DS_800,fwd_2,0,0,1602,1602,0,1812.5
Test_01_B_LR_DS_800,fwd_2,0,0,1602,1602,0,2906.25
Test_01_B_LR_DS_800,fwd_2,0,0,1602,1602,0,2687.5
Test_01_B_LR_DS_800,fwd_g2,3201,801,3202,1602 801 801 {True},0,6265.625
Test_01_B_LR_DS_800,fwd_g2,3201,801,3202,1602 801 801 {True},0,5609.375
Test_01_B_LR_DS_800,fwd_g2,3201,801,3202,1602 801 801 {True},0,4281.25
Test_01_B_LR_DS_900,fwd_1,3601,901,1802,1802,0,3359.375
Test_01_B_LR_DS_900,fwd_1,3601,901,1802,1802,0,3671.875
Test_01_B_LR_DS_900,fwd_1,3601,901,1802,1802,0,3593.75
Test_01_B_LR_DS_900,fwd_e,3601,901,1802,1802,0,4250.0
Test_01_B_LR_DS_900,fwd_e,3601,901,1802,1802,0,4421.875
Test_01_B_LR_DS_900,fwd_e,3601,901,1802,1802,0,4484.375
Test_01_B_LR_DS_900,fwd_2,0,0,1802,1802,0,2968.75
Test_01_B_LR_DS_900,fwd_2,0,0,1802,1802,0,2953.125
Test_01_B_LR_DS_900,fwd_2,0,0,1802,1802,0,3078.125
Test_01_B_LR_DS_900,fwd_g2,3601,901,3602,1802 901 901 {True},0,4531.25
Test_01_B_LR_DS_900,fwd_g2,3601,901,3602,1802 901 901 {True},0,4843.75
Test_01_B_LR_DS_900,fwd_g2,3601,901,3602,1802 901 901 {True},0,4375.0
Test_01_B_LR_DS_1000,fwd_1,4001,1001,2002,2002,0,4453.125
Test_01_B_LR_DS_1000,fwd_1,4001,1001,2002,2002,0,4421.875
Test_01_B_LR_DS_1000,fwd_1,4001,1001,2002,2002,0,4609.375
Test_01_B_LR_DS_1000,fwd_e,4001,1001,2002,2002,0,5843.75
Test_01_B_LR_DS_1000,fwd_e,4001,1001,2002,2002,0,5531.25
Test_01_B_LR_DS_1000,fwd_e,4001,1001,2002,2002,0,5296.875
Test_01_B_LR_DS_1000,fwd_2,0,0,2002,2002,0,3468.75
Test_01_B_LR_DS_1000,fwd_2,0,0,2002,2002,0,3562.5
Test_01_B_LR_DS_1000,fwd_2,0,0,2002,2002,0,3625.0
Test_01_B_LR_DS_1000,fwd_g2,4001,1001,4002,2002 1001 1001 {True},0,5437.5
Test_01_B_LR_DS_1000,fwd_g2,4001,1001,4002,2002 1001 1001 {True},0,5718.75
Test_01_B_LR_DS_1000,fwd_g2,4001,1001,4002,2002 1001 1001 {True},0,5453.125
Test_01_C_RL_DS_100,fwd_1,401,101,202,202,0,31.25
Test_01_C_RL_DS_100,fwd_1,401,101,202,202,0,31.25
Test_01_C_RL_DS_100,fwd_1,401,101,202,202,0,31.25
Test_01_C_RL_DS_100,fwd_e,401,101,202,202,0,31.25
Test_01_C_RL_DS_100,fwd_e,401,101,202,202,0,46.875
Test_01_C_RL_DS_100,fwd_e,401,101,202,202,0,31.25
Test_01_C_RL_DS_100,fwd_2,0,0,202,202,0,31.25
Test_01_C_RL_DS_100,fwd_2,0,0,202,202,0,0.0
Test_01_C_RL_DS_100,fwd_2,0,0,202,202,0,15.625
Test_01_C_RL_DS_100,fwd_g2,401,101,303,202 101 101 {True},0,15.625
Test_01_C_RL_DS_100,fwd_g2,401,101,303,202 101 101 {True},0,15.625
Test_01_C_RL_DS_100,fwd_g2,401,101,303,202 101 101 {True},0,31.25
Test_01_C_RL_DS_200,fwd_1,801,201,402,402,0,140.625
Test_01_C_RL_DS_200,fwd_1,801,201,402,402,0,125.0
Test_01_C_RL_DS_200,fwd_1,801,201,402,402,0,109.375
Test_01_C_RL_DS_200,fwd_e,801,201,402,402,0,140.625
Test_01_C_RL_DS_200,fwd_e,801,201,402,402,0,171.875
Test_01_C_RL_DS_200,fwd_e,801,201,402,402,0,125.0
Test_01_C_RL_DS_200,fwd_2,0,0,402,402,0,125.0
Test_01_C_RL_DS_200,fwd_2,0,0,402,402,0,125.0
Test_01_C_RL_DS_200,fwd_2,0,0,402,402,0,125.0
Test_01_C_RL_DS_200,fwd_g2,801,201,603,402 201 201 {True},0,109.375
Test_01_C_RL_DS_200,fwd_g2,801,201,603,402 201 201 {True},0,125.0
Test_01_C_RL_DS_200,fwd_g2,801,201,603,402 201 201 {True},0,109.375
Test_01_C_RL_DS_300,fwd_1,1201,301,602,602,0,343.75
Test_01_C_RL_DS_300,fwd_1,1201,301,602,602,0,281.25
Test_01_C_RL_DS_300,fwd_1,1201,301,602,602,0,281.25
Test_01_C_RL_DS_300,fwd_e,1201,301,602,602,0,453.125
Test_01_C_RL_DS_300,fwd_e,1201,301,602,602,0,390.625
Test_01_C_RL_DS_300,fwd_e,1201,301,602,602,0,421.875
Test_01_C_RL_DS_300,fwd_2,0,0,602,602,0,265.625
Test_01_C_RL_DS_300,fwd_2,0,0,602,602,0,312.5
Test_01_C_RL_DS_300,fwd_2,0,0,602,602,0,296.875
Test_01_C_RL_DS_300,fwd_g2,1201,301,903,602 301 301 {True},0,312.5
Test_01_C_RL_DS_300,fwd_g2,1201,301,903,602 301 301 {True},0,296.875
Test_01_C_RL_DS_300,fwd_g2,1201,301,903,602 301 301 {True},0,250.0
Test_01_C_RL_DS_400,fwd_1,1601,401,802,802,0,593.75
Test_01_C_RL_DS_400,fwd_1,1601,401,802,802,0,625.0
Test_01_C_RL_DS_400,fwd_1,1601,401,802,802,0,562.5
Test_01_C_RL_DS_400,fwd_e,1601,401,802,802,0,718.75
Test_01_C_RL_DS_400,fwd_e,1601,401,802,802,0,812.5
Test_01_C_RL_DS_400,fwd_e,1601,401,802,802,0,593.75
Test_01_C_RL_DS_400,fwd_2,0,0,802,802,0,421.875
Test_01_C_RL_DS_400,fwd_2,0,0,802,802,0,531.25
Test_01_C_RL_DS_400,fwd_2,0,0,802,802,0,500.0
Test_01_C_RL_DS_400,fwd_g2,1601,401,1203,802 401 401 {True},0,562.5
Test_01_C_RL_DS_400,fwd_g2,1601,401,1203,802 401 401 {True},0,562.5
Test_01_C_RL_DS_400,fwd_g2,1601,401,1203,802 401 401 {True},0,531.25
Test_01_C_RL_DS_500,fwd_1,2001,501,1002,1002,0,875.0
Test_01_C_RL_DS_500,fwd_1,2001,501,1002,1002,0,953.125
Test_01_C_RL_DS_500,fwd_1,2001,501,1002,1002,0,875.0
Test_01_C_RL_DS_500,fwd_e,2001,501,1002,1002,0,1218.75
Test_01_C_RL_DS_500,fwd_e,2001,501,1002,1002,0,1250.0
Test_01_C_RL_DS_500,fwd_e,2001,501,1002,1002,0,1281.25
Test_01_C_RL_DS_500,fwd_2,0,0,1002,1002,0,812.5
Test_01_C_RL_DS_500,fwd_2,0,0,1002,1002,0,906.25
Test_01_C_RL_DS_500,fwd_2,0,0,1002,1002,0,890.625
Test_01_C_RL_DS_500,fwd_g2,2001,501,1503,1002 501 501 {True},0,875.0
Test_01_C_RL_DS_500,fwd_g2,2001,501,1503,1002 501 501 {True},0,937.5
Test_01_C_RL_DS_500,fwd_g2,2001,501,1503,1002 501 501 {True},0,828.125
Test_01_C_RL_DS_600,fwd_1,2401,601,1202,1202,0,1453.125
Test_01_C_RL_DS_600,fwd_1,2401,601,1202,1202,0,1406.25
Test_01_C_RL_DS_600,fwd_1,2401,601,1202,1202,0,1234.375
Test_01_C_RL_DS_600,fwd_e,2401,601,1202,1202,0,1765.625
Test_01_C_RL_DS_600,fwd_e,2401,601,1202,1202,0,1750.0
Test_01_C_RL_DS_600,fwd_e,2401,601,1202,1202,0,1812.5
Test_01_C_RL_DS_600,fwd_2,0,0,1202,1202,0,937.5
Test_01_C_RL_DS_600,fwd_2,0,0,1202,1202,0,890.625
Test_01_C_RL_DS_600,fwd_2,0,0,1202,1202,0,1062.5
Test_01_C_RL_DS_600,fwd_g2,2401,601,1803,1202 601 601 {True},0,1296.875
Test_01_C_RL_DS_600,fwd_g2,2401,601,1803,1202 601 601 {True},0,1421.875
Test_01_C_RL_DS_600,fwd_g2,2401,601,1803,1202 601 601 {True},0,1359.375
Test_01_C_RL_DS_700,fwd_1,2801,701,1402,1402,0,2078.125
Test_01_C_RL_DS_700,fwd_1,2801,701,1402,1402,0,2109.375
Test_01_C_RL_DS_700,fwd_1,2801,701,1402,1402,0,1875.0
Test_01_C_RL_DS_700,fwd_e,2801,701,1402,1402,0,2515.625
Test_01_C_RL_DS_700,fwd_e,2801,701,1402,1402,0,2359.375
Test_01_C_RL_DS_700,fwd_e,2801,701,1402,1402,0,2468.75
Test_01_C_RL_DS_700,fwd_2,0,0,1402,1402,0,1515.625
Test_01_C_RL_DS_700,fwd_2,0,0,1402,1402,0,1453.125
Test_01_C_RL_DS_700,fwd_2,0,0,1402,1402,0,1531.25
Test_01_C_RL_DS_700,fwd_g2,2801,701,2103,1402 701 701 {True},0,1796.875
Test_01_C_RL_DS_700,fwd_g2,2801,701,2103,1402 701 701 {True},0,1953.125
Test_01_C_RL_DS_700,fwd_g2,2801,701,2103,1402 701 701 {True},0,1906.25
Test_01_C_RL_DS_800,fwd_1,3201,801,1602,1602,0,2734.375
Test_01_C_RL_DS_800,fwd_1,3201,801,1602,1602,0,2531.25
Test_01_C_RL_DS_800,fwd_1,3201,801,1602,1602,0,2703.125
Test_01_C_RL_DS_800,fwd_e,3201,801,1602,1602,0,3140.625
Test_01_C_RL_DS_800,fwd_e,3201,801,1602,1602,0,3484.375
Test_01_C_RL_DS_800,fwd_e,3201,801,1602,1602,0,3281.25
Test_01_C_RL_DS_800,fwd_2,0,0,1602,1602,0,2203.125
Test_01_C_RL_DS_800,fwd_2,0,0,1602,1602,0,1984.375
Test_01_C_RL_DS_800,fwd_2,0,0,1602,1602,0,1921.875
Test_01_C_RL_DS_800,fwd_g2,3201,801,2403,1602 801 801 {True},0,2218.75
Test_01_C_RL_DS_800,fwd_g2,3201,801,2403,1602 801 801 {True},0,2468.75
Test_01_C_RL_DS_800,fwd_g2,3201,801,2403,1602 801 801 {True},0,2375.0
Test_01_C_RL_DS_900,fwd_1,3601,901,1802,1802,0,3406.25
Test_01_C_RL_DS_900,fwd_1,3601,901,1802,1802,0,3453.125
Test_01_C_RL_DS_900,fwd_1,3601,901,1802,1802,0,3140.625
Test_01_C_RL_DS_900,fwd_e,3601,901,1802,1802,0,4406.25
Test_01_C_RL_DS_900,fwd_e,3601,901,1802,1802,0,4125.0
Test_01_C_RL_DS_900,fwd_e,3601,901,1802,1802,0,4015.625
Test_01_C_RL_DS_900,fwd_2,0,0,1802,1802,0,2781.25
Test_01_C_RL_DS_900,fwd_2,0,0,1802,1802,0,2437.5
Test_01_C_RL_DS_900,fwd_2,0,0,1802,1802,0,2359.375
Test_01_C_RL_DS_900,fwd_g2,3601,901,2703,1802 901 901 {True},0,3359.375
Test_01_C_RL_DS_900,fwd_g2,3601,901,2703,1802 901 901 {True},0,3109.375
Test_01_C_RL_DS_900,fwd_g2,3601,901,2703,1802 901 901 {True},0,3109.375
Test_01_C_RL_DS_1000,fwd_1,4001,1001,2002,2002,0,4234.375
Test_01_C_RL_DS_1000,fwd_1,4001,1001,2002,2002,0,4140.625
Test_01_C_RL_DS_1000,fwd_1,4001,1001,2002,2002,0,4359.375
Test_01_C_RL_DS_1000,fwd_e,4001,1001,2002,2002,0,5218.75
Test_01_C_RL_DS_1000,fwd_e,4001,1001,2002,2002,0,5187.5
Test_01_C_RL_DS_1000,fwd_e,4001,1001,2002,2002,0,5531.25
Test_01_C_RL_DS_1000,fwd_2,0,0,2002,2002,0,3421.875
Test_01_C_RL_DS_1000,fwd_2,0,0,2002,2002,0,3187.5
Test_01_C_RL_DS_1000,fwd_2,0,0,2002,2002,0,3375.0
Test_01_C_RL_DS_1000,fwd_g2,4001,1001,3003,2002 1001 1001 {True},0,3625.0
Test_01_C_RL_DS_1000,fwd_g2,4001,1001,3003,2002 1001 1001 {True},0,4031.25
Test_01_C_RL_DS_1000,fwd_g2,4001,1001,3003,2002 1001 1001 {True},0,3750.0
Test_01_D_LR_NDS_100,fwd_g2,343601,8305,402,202 101 101 {True},16408,5500.0
Test_01_D_LR_NDS_100,fwd_g2,343601,8486,402,202 101 101 {True},16770,5625.0
Test_01_D_LR_NDS_100,fwd_g2,343601,8342,402,202 101 101 {True},16482,5375.0
Test_01_E_RL_NDS_100,fwd_e,343601,8278,16556,16556,16354,16984.375
Test_01_E_RL_NDS_100,fwd_g2,343601,8366,303,202 101 101 {True},16530,5812.5
Test_01_E_RL_NDS_100,fwd_g2,343601,8348,303,202 101 101 {True},16494,5812.5
Test_01_E_RL_NDS_100,fwd_g2,343601,8249,303,202 101 101 {True},16296,5781.25
Test_01_F_CPT_100,fwd_g2,170101,103,306,202 101 101 {True},0,5515.625
Test_01_F_CPT_100,fwd_g2,170101,103,306,202 101 101 {True},0,6109.375
Test_01_F_CPT_100,fwd_g2,170101,103,306,202 101 101 {True},0,5468.75
Test_01_F_FLW_100,fwd_g2,40201,1,3,2 1 1 {True},0,609.375
Test_01_F_FLW_100,fwd_g2,40201,1,3,2 1 1 {True},0,703.125
Test_01_F_FLW_100,fwd_g2,40201,1,3,2 1 1 {True},0,718.75
Test_01_F_FLW_200,fwd_g2,160401,1,3,2 1 1 {True},0,3875.0
Test_01_F_FLW_200,fwd_g2,160401,1,3,2 1 1 {True},0,3859.375
Test_01_F_FLW_200,fwd_g2,160401,1,3,2 1 1 {True},0,4640.625
Test_01_F_FLW_300,fwd_g2,360601,1,3,2 1 1 {True},0,13390.625
Test_01_F_FLW_300,fwd_g2,360601,1,3,2 1 1 {True},0,14015.625
Test_01_F_FLW_300,fwd_g2,360601,1,3,2 1 1 {True},0,14859.375
Test_02_B_LR_DS_100,fwd_1,199,100,200,0,200,15.625
Test_02_B_LR_DS_100,fwd_1,199,100,200,0,200,15.625
Test_02_B_LR_DS_100,fwd_1,199,100,200,0,200,15.625
Test_02_B_LR_DS_100,fwd_e,5100,2550,200,0,200,828.125
Test_02_B_LR_DS_100,fwd_e,5100,2550,200,0,200,718.75
Test_02_B_LR_DS_100,fwd_e,5100,2550,200,0,200,859.375
Test_02_B_LR_DS_100,fwd_2,0,0,200,0,100,15.625
Test_02_B_LR_DS_100,fwd_2,0,0,200,0,100,15.625
Test_02_B_LR_DS_100,fwd_2,0,0,200,0,100,15.625
Test_02_B_LR_DS_100,fwd_g2,1,1,3,0,2,0.0
Test_02_B_LR_DS_100,fwd_g2,1,1,3,0,2,0.0
Test_02_B_LR_DS_100,fwd_g2,1,1,3,0,2,0.0
Test_02_B_LR_DS_200,fwd_1,399,200,400,0,400,78.125
Test_02_B_LR_DS_200,fwd_1,399,200,400,0,400,78.125
Test_02_B_LR_DS_200,fwd_1,399,200,400,0,400,78.125
Test_02_B_LR_DS_200,fwd_e,20200,10100,400,0,400,10531.25
Test_02_B_LR_DS_200,fwd_e,20200,10100,400,0,400,10156.25
Test_02_B_LR_DS_200,fwd_e,20200,10100,400,0,400,10687.5
Test_02_B_LR_DS_200,fwd_2,0,0,400,0,200,78.125
Test_02_B_LR_DS_200,fwd_2,0,0,400,0,200,62.5
Test_02_B_LR_DS_200,fwd_2,0,0,400,0,200,62.5
Test_02_B_LR_DS_200,fwd_g2,1,1,3,0,2,15.625
Test_02_B_LR_DS_200,fwd_g2,1,1,3,0,2,15.625
Test_02_B_LR_DS_200,fwd_g2,1,1,3,0,2,0.0
Test_02_B_LR_DS_300,fwd_1,599,300,600,0,600,203.125
Test_02_B_LR_DS_300,fwd_1,599,300,600,0,600,203.125
Test_02_B_LR_DS_300,fwd_1,599,300,600,0,600,171.875
Test_02_B_LR_DS_300,fwd_2,0,0,600,0,300,125.0
Test_02_B_LR_DS_300,fwd_2,0,0,600,0,300,156.25
Test_02_B_LR_DS_300,fwd_2,0,0,600,0,300,140.625
Test_02_B_LR_DS_300,fwd_g2,1,1,3,0,2,46.875
Test_02_B_LR_DS_300,fwd_g2,1,1,3,0,2,46.875
Test_02_B_LR_DS_300,fwd_g2,1,1,3,0,2,62.5
Test_02_B_LR_DS_400,fwd_1,799,400,800,0,800,343.75
Test_02_B_LR_DS_400,fwd_1,799,400,800,0,800,296.875
Test_02_B_LR_DS_400,fwd_1,799,400,800,0,800,296.875
Test_02_B_LR_DS_400,fwd_2,0,0,800,0,400,265.625
Test_02_B_LR_DS_400,fwd_2,0,0,800,0,400,250.0
Test_02_B_LR_DS_400,fwd_2,0,0,800,0,400,218.75
Test_02_B_LR_DS_400,fwd_g2,1,1,3,0,2,78.125
Test_02_B_LR_DS_400,fwd_g2,1,1,3,0,2,78.125
Test_02_B_LR_DS_400,fwd_g2,1,1,3,0,2,93.75
Test_02_B_LR_DS_500,fwd_1,999,500,1000,0,1000,562.5
Test_02_B_LR_DS_500,fwd_1,999,500,1000,0,1000,468.75
Test_02_B_LR_DS_500,fwd_1,999,500,1000,0,1000,468.75
Test_02_B_LR_DS_500,fwd_2,0,0,1000,0,500,390.625
Test_02_B_LR_DS_500,fwd_2,0,0,1000,0,500,406.25
Test_02_B_LR_DS_500,fwd_2,0,0,1000,0,500,515.625
Test_02_B_LR_DS_500,fwd_g2,1,1,3,0,2,140.625
Test_02_B_LR_DS_500,fwd_g2,1,1,3,0,2,125.0
Test_02_B_LR_DS_500,fwd_g2,1,1,3,0,2,125.0
Test_02_B_LR_DS_600,fwd_1,1199,600,1200,0,1200,875.0
Test_02_B_LR_DS_600,fwd_1,1199,600,1200,0,1200,828.125
Test_02_B_LR_DS_600,fwd_1,1199,600,1200,0,1200,703.125
Test_02_B_LR_DS_600,fwd_2,0,0,1200,0,600,656.25
Test_02_B_LR_DS_600,fwd_2,0,0,1200,0,600,765.625
Test_02_B_LR_DS_600,fwd_2,0,0,1200,0,600,750.0
Test_02_B_LR_DS_600,fwd_g2,1,1,3,0,2,156.25
Test_02_B_LR_DS_600,fwd_g2,1,1,3,0,2,171.875
Test_02_B_LR_DS_600,fwd_g2,1,1,3,0,2,171.875
Test_02_B_LR_DS_700,fwd_1,1399,700,1400,0,1400,1171.875
Test_02_B_LR_DS_700,fwd_1,1399,700,1400,0,1400,1031.25
Test_02_B_LR_DS_700,fwd_1,1399,700,1400,0,1400,1234.375
Test_02_B_LR_DS_700,fwd_2,0,0,1400,0,700,828.125
Test_02_B_LR_DS_700,fwd_2,0,0,1400,0,700,968.75
Test_02_B_LR_DS_700,fwd_2,0,0,1400,0,700,984.375
Test_02_B_LR_DS_700,fwd_g2,1,1,3,0,2,265.625
Test_02_B_LR_DS_700,fwd_g2,1,1,3,0,2,234.375
Test_02_B_LR_DS_700,fwd_g2,1,1,3,0,2,187.5
Test_02_B_LR_DS_800,fwd_1,1599,800,1600,0,1600,1546.875
Test_02_B_LR_DS_800,fwd_1,1599,800,1600,0,1600,1531.25
Test_02_B_LR_DS_800,fwd_1,1599,800,1600,0,1600,1500.0
Test_02_B_LR_DS_800,fwd_2,0,0,1600,0,800,1281.25
Test_02_B_LR_DS_800,fwd_2,0,0,1600,0,800,1140.625
Test_02_B_LR_DS_800,fwd_2,0,0,1600,0,800,1156.25
Test_02_B_LR_DS_800,fwd_g2,1,1,3,0,2,343.75
Test_02_B_LR_DS_800,fwd_g2,1,1,3,0,2,281.25
Test_02_B_LR_DS_800,fwd_g2,1,1,3,0,2,343.75
Test_02_B_LR_DS_900,fwd_1,1799,900,1800,0,1800,1796.875
Test_02_B_LR_DS_900,fwd_1,1799,900,1800,0,1800,1906.25
Test_02_B_LR_DS_900,fwd_1,1799,900,1800,0,1800,1562.5
Test_02_B_LR_DS_900,fwd_2,0,0,1800,0,900,1750.0
Test_02_B_LR_DS_900,fwd_2,0,0,1800,0,900,1750.0
Test_02_B_LR_DS_900,fwd_2,0,0,1800,0,900,1546.875
Test_02_B_LR_DS_900,fwd_g2,1,1,3,0,2,468.75
Test_02_B_LR_DS_900,fwd_g2,1,1,3,0,2,453.125
Test_02_B_LR_DS_900,fwd_g2,1,1,3,0,2,453.125
Test_02_B_LR_DS_1000,fwd_1,1999,1000,2000,0,2000,2125.0
Test_02_B_LR_DS_1000,fwd_1,1999,1000,2000,0,2000,2125.0
Test_02_B_LR_DS_1000,fwd_1,1999,1000,2000,0,2000,2265.625
Test_02_B_LR_DS_1000,fwd_2,0,0,2000,0,1000,2125.0
Test_02_B_LR_DS_1000,fwd_2,0,0,2000,0,1000,2125.0
Test_02_B_LR_DS_1000,fwd_2,0,0,2000,0,1000,2046.875
Test_02_B_LR_DS_1000,fwd_g2,1,1,3,0,2,562.5
Test_02_B_LR_DS_1000,fwd_g2,1,1,3,0,2,515.625
Test_02_B_LR_DS_1000,fwd_g2,1,1,3,0,2,578.125
Test_02_C_RL_DS_100,fwd_1,199,100,200,0,200,15.625
Test_02_C_RL_DS_100,fwd_1,199,100,200,0,200,0.0
Test_02_C_RL_DS_100,fwd_1,199,100,200,0,200,15.625
Test_02_C_RL_DS_100,fwd_e,5100,2550,200,0,200,750.0
Test_02_C_RL_DS_100,fwd_e,5100,2550,200,0,200,812.5
Test_02_C_RL_DS_100,fwd_e,5100,2550,200,0,200,796.875
Test_02_C_RL_DS_100,fwd_2,0,0,200,0,100,15.625
Test_02_C_RL_DS_100,fwd_2,0,0,200,0,100,0.0
Test_02_C_RL_DS_100,fwd_2,0,0,200,0,100,0.0
Test_02_C_RL_DS_100,fwd_g2,1,1,3,0,2,0.0
Test_02_C_RL_DS_100,fwd_g2,1,1,3,0,2,0.0
Test_02_C_RL_DS_100,fwd_g2,1,1,3,0,2,0.0
Test_02_C_RL_DS_200,fwd_1,399,200,400,0,400,93.75
Test_02_C_RL_DS_200,fwd_1,399,200,400,0,400,78.125
Test_02_C_RL_DS_200,fwd_1,399,200,400,0,400,78.125
Test_02_C_RL_DS_200,fwd_e,20200,10100,400,0,400,9937.5
Test_02_C_RL_DS_200,fwd_e,20200,10100,400,0,400,9687.5
Test_02_C_RL_DS_200,fwd_e,20200,10100,400,0,400,10078.125
Test_02_C_RL_DS_200,fwd_2,0,0,400,0,200,62.5
Test_02_C_RL_DS_200,fwd_2,0,0,400,0,200,62.5
Test_02_C_RL_DS_200,fwd_2,0,0,400,0,200,62.5
Test_02_C_RL_DS_200,fwd_g2,1,1,3,0,2,0.0
Test_02_C_RL_DS_200,fwd_g2,1,1,3,0,2,0.0
Test_02_C_RL_DS_200,fwd_g2,1,1,3,0,2,0.0
Test_02_C_RL_DS_300,fwd_1,599,300,600,0,600,156.25
Test_02_C_RL_DS_300,fwd_1,599,300,600,0,600,156.25
Test_02_C_RL_DS_300,fwd_1,599,300,600,0,600,156.25
Test_02_C_RL_DS_300,fwd_2,0,0,600,0,300,187.5
Test_02_C_RL_DS_300,fwd_2,0,0,600,0,300,171.875
Test_02_C_RL_DS_300,fwd_2,0,0,600,0,300,156.25
Test_02_C_RL_DS_300,fwd_g2,1,1,3,0,2,15.625
Test_02_C_RL_DS_300,fwd_g2,1,1,3,0,2,15.625
Test_02_C_RL_DS_300,fwd_g2,1,1,3,0,2,0.0
Test_02_C_RL_DS_400,fwd_1,799,400,800,0,800,312.5
Test_02_C_RL_DS_400,fwd_1,799,400,800,0,800,312.5
Test_02_C_RL_DS_400,fwd_1,799,400,800,0,800,296.875
Test_02_C_RL_DS_400,fwd_2,0,0,800,0,400,328.125
Test_02_C_RL_DS_400,fwd_2,0,0,800,0,400,234.375
Test_02_C_RL_DS_400,fwd_2,0,0,800,0,400,328.125
Test_02_C_RL_DS_400,fwd_g2,1,1,3,0,2,46.875
Test_02_C_RL_DS_400,fwd_g2,1,1,3,0,2,46.875
Test_02_C_RL_DS_400,fwd_g2,1,1,3,0,2,46.875
Test_02_C_RL_DS_500,fwd_1,999,500,1000,0,1000,484.375
Test_02_C_RL_DS_500,fwd_1,999,500,1000,0,1000,562.5
Test_02_C_RL_DS_500,fwd_1,999,500,1000,0,1000,546.875
Test_02_C_RL_DS_500,fwd_2,0,0,1000,0,500,437.5
Test_02_C_RL_DS_500,fwd_2,0,0,1000,0,500,468.75
Test_02_C_RL_DS_500,fwd_2,0,0,1000,0,500,437.5
Test_02_C_RL_DS_500,fwd_g2,1,1,3,0,2,62.5
Test_02_C_RL_DS_500,fwd_g2,1,1,3,0,2,62.5
Test_02_C_RL_DS_500,fwd_g2,1,1,3,0,2,78.125
Test_02_C_RL_DS_600,fwd_1,1199,600,1200,0,1200,656.25
Test_02_C_RL_DS_600,fwd_1,1199,600,1200,0,1200,859.375
Test_02_C_RL_DS_600,fwd_1,1199,600,1200,0,1200,875.0
Test_02_C_RL_DS_600,fwd_2,0,0,1200,0,600,750.0
Test_02_C_RL_DS_600,fwd_2,0,0,1200,0,600,546.875
Test_02_C_RL_DS_600,fwd_2,0,0,1200,0,600,593.75
Test_02_C_RL_DS_600,fwd_g2,1,1,3,0,2,93.75
Test_02_C_RL_DS_600,fwd_g2,1,1,3,0,2,78.125
Test_02_C_RL_DS_600,fwd_g2,1,1,3,0,2,109.375
Test_02_C_RL_DS_700,fwd_1,1399,700,1400,0,1400,1000.0
Test_02_C_RL_DS_700,fwd_1,1399,700,1400,0,1400,1156.25
Test_02_C_RL_DS_700,fwd_1,1399,700,1400,0,1400,984.375
Test_02_C_RL_DS_700,fwd_2,0,0,1400,0,700,984.375
Test_02_C_RL_DS_700,fwd_2,0,0,1400,0,700,796.875
Test_02_C_RL_DS_700,fwd_2,0,0,1400,0,700,890.625
Test_02_C_RL_DS_700,fwd_g2,1,1,3,0,2,125.0
Test_02_C_RL_DS_700,fwd_g2,1,1,3,0,2,109.375
Test_02_C_RL_DS_700,fwd_g2,1,1,3,0,2,109.375
Test_02_C_RL_DS_800,fwd_1,1599,800,1600,0,1600,1203.125
Test_02_C_RL_DS_800,fwd_1,1599,800,1600,0,1600,1421.875
Test_02_C_RL_DS_800,fwd_1,1599,800,1600,0,1600,1421.875
Test_02_C_RL_DS_800,fwd_2,0,0,1600,0,800,1015.625
Test_02_C_RL_DS_800,fwd_2,0,0,1600,0,800,1265.625
Test_02_C_RL_DS_800,fwd_2,0,0,1600,0,800,1281.25
Test_02_C_RL_DS_800,fwd_g2,1,1,3,0,2,171.875
Test_02_C_RL_DS_800,fwd_g2,1,1,3,0,2,156.25
Test_02_C_RL_DS_800,fwd_g2,1,1,3,0,2,203.125
Test_02_C_RL_DS_900,fwd_1,1799,900,1800,0,1800,1812.5
Test_02_C_RL_DS_900,fwd_1,1799,900,1800,0,1800,1796.875
Test_02_C_RL_DS_900,fwd_1,1799,900,1800,0,1800,1671.875
Test_02_C_RL_DS_900,fwd_2,0,0,1800,0,900,1546.875
Test_02_C_RL_DS_900,fwd_2,0,0,1800,0,900,1484.375
Test_02_C_RL_DS_900,fwd_2,0,0,1800,0,900,1671.875
Test_02_C_RL_DS_900,fwd_g2,1,1,3,0,2,203.125
Test_02_C_RL_DS_900,fwd_g2,1,1,3,0,2,218.75
Test_02_C_RL_DS_900,fwd_g2,1,1,3,0,2,187.5
Test_02_C_RL_DS_1000,fwd_1,1999,1000,2000,0,2000,2359.375
Test_02_C_RL_DS_1000,fwd_1,1999,1000,2000,0,2000,2265.625
Test_02_C_RL_DS_1000,fwd_1,1999,1000,2000,0,2000,2359.375
Test_02_C_RL_DS_1000,fwd_2,0,0,2000,0,1000,1718.75
Test_02_C_RL_DS_1000,fwd_2,0,0,2000,0,1000,1750.0
Test_02_C_RL_DS_1000,fwd_2,0,0,2000,0,1000,1796.875
Test_02_C_RL_DS_1000,fwd_g2,1,1,3,0,2,250.0
Test_02_C_RL_DS_1000,fwd_g2,1,1,3,0,2,250.0
Test_02_C_RL_DS_1000,fwd_g2,1,1,3,0,2,234.375
Test_02_D_LR_NDS_100,fwd_g2,1,1,3,0,2,0.0
Test_02_D_LR_NDS_100,fwd_g2,1,1,3,0,2,0.0
Test_02_D_LR_NDS_100,fwd_g2,1,1,3,0,2,0.0
Test_02_D_LR_NDS_200,fwd_g2,1,1,3,0,2,31.25
Test_02_D_LR_NDS_200,fwd_g2,1,1,3,0,2,31.25
Test_02_D_LR_NDS_200,fwd_g2,1,1,3,0,2,46.875
Test_02_D_LR_NDS_300,fwd_g2,1,1,3,0,2,31.25
Test_02_D_LR_NDS_300,fwd_g2,1,1,3,0,2,31.25
Test_02_D_LR_NDS_300,fwd_g2,1,1,3,0,2,31.25
Test_02_D_LR_NDS_400,fwd_g2,1,1,3,0,2,140.625
Test_02_D_LR_NDS_400,fwd_g2,1,1,3,0,2,140.625
Test_02_D_LR_NDS_400,fwd_g2,1,1,3,0,2,140.625
Test_02_D_LR_NDS_500,fwd_g2,1,1,3,0,2,125.0
Test_02_D_LR_NDS_500,fwd_g2,1,1,3,0,2,125.0
Test_02_D_LR_NDS_500,fwd_g2,1,1,3,0,2,140.625
Test_02_D_LR_NDS_600,fwd_g2,1,1,3,0,2,421.875
Test_02_D_LR_NDS_600,fwd_g2,1,1,3,0,2,390.625
Test_02_D_LR_NDS_600,fwd_g2,1,1,3,0,2,390.625
Test_02_D_LR_NDS_700,fwd_g2,1,1,3,0,2,250.0
Test_02_D_LR_NDS_700,fwd_g2,1,1,3,0,2,265.625
Test_02_D_LR_NDS_700,fwd_g2,1,1,3,0,2,234.375
Test_02_D_LR_NDS_800,fwd_g2,1,1,3,0,2,296.875
Test_02_D_LR_NDS_800,fwd_g2,1,1,3,0,2,328.125
Test_02_D_LR_NDS_800,fwd_g2,1,1,3,0,2,375.0
Test_02_D_LR_NDS_900,fwd_g2,1,1,3,0,2,437.5
Test_02_D_LR_NDS_900,fwd_g2,1,1,3,0,2,359.375
Test_02_D_LR_NDS_900,fwd_g2,1,1,3,0,2,484.375
Test_02_D_LR_NDS_1000,fwd_g2,1,1,3,0,2,1078.125
Test_02_D_LR_NDS_1000,fwd_g2,1,1,3,0,2,1281.25
Test_02_D_LR_NDS_1000,fwd_g2,1,1,3,0,2,1187.5
Test_02_F_CPT_100,fwd_1,4501,100,200,0,200,218.75
Test_02_F_CPT_100,fwd_1,4501,100,200,0,200,281.25
Test_02_F_CPT_100,fwd_1,4501,100,200,0,200,296.875
Test_02_F_CPT_100,fwd_e,140228,4942,200,0,200,14500.0
Test_02_F_CPT_100,fwd_e,140228,4942,200,0,200,14187.5
Test_02_F_CPT_100,fwd_e,140228,4942,200,0,200,14046.875
Test_02_F_CPT_100,fwd_2,0,0,200,0,100,203.125
Test_02_F_CPT_100,fwd_2,0,0,200,0,100,265.625
Test_02_F_CPT_100,fwd_2,0,0,200,0,100,218.75
Test_02_F_CPT_100,fwd_g2,4501,100,300,0,200,109.375
Test_02_F_CPT_100,fwd_g2,4501,100,300,0,200,93.75
Test_02_F_CPT_100,fwd_g2,4501,100,300,0,200,109.375
Test_02_F_CPT_200,fwd_1,10001,200,400,0,400,1000.0
Test_02_F_CPT_200,fwd_1,10001,200,400,0,400,1359.375
Test_02_F_CPT_200,fwd_1,10001,200,400,0,400,1328.125
Test_02_F_CPT_200,fwd_2,0,0,400,0,200,1203.125
Test_02_F_CPT_200,fwd_2,0,0,400,0,200,1093.75
Test_02_F_CPT_200,fwd_2,0,0,400,0,200,1156.25
Test_02_F_CPT_200,fwd_g2,10001,200,600,0,400,453.125
Test_02_F_CPT_200,fwd_g2,10001,200,600,0,400,437.5
Test_02_F_CPT_200,fwd_g2,10001,200,600,0,400,453.125
Test_02_F_CPT_300,fwd_1,26601,300,600,0,600,5765.625
Test_02_F_CPT_300,fwd_1,26601,300,600,0,600,5734.375
Test_02_F_CPT_300,fwd_1,26601,300,600,0,600,5734.375
Test_02_F_CPT_300,fwd_2,0,0,600,0,300,5125.0
Test_02_F_CPT_300,fwd_2,0,0,600,0,300,4937.5
Test_02_F_CPT_300,fwd_2,0,0,600,0,300,5093.75
Test_02_F_CPT_300,fwd_g2,26601,300,900,0,600,1593.75
Test_02_F_CPT_300,fwd_g2,26601,300,900,0,600,1734.375
Test_02_F_CPT_300,fwd_g2,26601,300,900,0,600,1734.375
Test_02_F_CPT_400,fwd_1,54301,400,800,0,800,17484.375
Test_02_F_CPT_400,fwd_1,54301,400,800,0,800,18234.375
Test_02_F_CPT_400,fwd_1,54301,400,800,0,800,17281.25
Test_02_F_CPT_400,fwd_2,0,0,800,0,400,14703.125
Test_02_F_CPT_400,fwd_2,0,0,800,0,400,13656.25
Test_02_F_CPT_400,fwd_2,0,0,800,0,400,14343.75
Test_02_F_CPT_400,fwd_g2,54301,400,1200,0,800,5031.25
Test_02_F_CPT_400,fwd_g2,54301,400,1200,0,800,5187.5
Test_02_F_CPT_400,fwd_g2,54301,400,1200,0,800,4609.375
Test_02_F_CPT_500,fwd_g2,93101,500,1500,0,1000,10015.625
Test_02_F_CPT_500,fwd_g2,93101,500,1500,0,1000,9734.375
Test_02_F_CPT_500,fwd_g2,93101,500,1500,0,1000,10000.0
Test_02_F_CPT_600,fwd_g2,143001,600,1800,0,1200,18796.875
Test_02_F_CPT_600,fwd_g2,143001,600,1800,0,1200,18171.875
Test_02_F_CPT_600,fwd_g2,143001,600,1800,0,1200,18359.375
Test_03_B_LR_DS_100,fwd_1,202,101,202,0,202,0.0
Test_03_B_LR_DS_100,fwd_1,202,101,202,0,202,15.625
Test_03_B_LR_DS_100,fwd_1,202,101,202,0,202,31.25
Test_03_B_LR_DS_100,fwd_e,5202,2601,202,0,202,968.75
Test_03_B_LR_DS_100,fwd_e,5202,2601,202,0,202,875.0
Test_03_B_LR_DS_100,fwd_e,5202,2601,202,0,202,859.375
Test_03_B_LR_DS_100,fwd_2,0,0,202,0,101,15.625
Test_03_B_LR_DS_100,fwd_2,0,0,202,0,101,15.625
Test_03_B_LR_DS_100,fwd_2,0,0,202,0,101,0.0
Test_03_B_LR_DS_100,fwd_g2,200,101,303,0,202,359.375
Test_03_B_LR_DS_100,fwd_g2,200,101,303,0,202,281.25
Test_03_B_LR_DS_100,fwd_g2,200,101,303,0,202,312.5
Test_03_B_LR_DS_200,fwd_1,402,201,402,0,402,93.75
Test_03_B_LR_DS_200,fwd_1,402,201,402,0,402,93.75
Test_03_B_LR_DS_200,fwd_1,402,201,402,0,402,93.75
Test_03_B_LR_DS_200,fwd_e,20402,10201,402,0,402,9953.125
Test_03_B_LR_DS_200,fwd_e,20402,10201,402,0,402,9890.625
Test_03_B_LR_DS_200,fwd_e,20402,10201,402,0,402,10656.25
Test_03_B_LR_DS_200,fwd_2,0,0,402,0,201,78.125
Test_03_B_LR_DS_200,fwd_2,0,0,402,0,201,62.5
Test_03_B_LR_DS_200,fwd_2,0,0,402,0,201,78.125
Test_03_B_LR_DS_200,fwd_g2,400,201,603,0,402,453.125
Test_03_B_LR_DS_200,fwd_g2,400,201,603,0,402,406.25
Test_03_B_LR_DS_200,fwd_g2,400,201,603,0,402,421.875
Test_03_B_LR_DS_300,fwd_1,602,301,602,0,602,187.5
Test_03_B_LR_DS_300,fwd_1,602,301,602,0,602,218.75
Test_03_B_LR_DS_300,fwd_1,602,301,602,0,602,171.875
Test_03_B_LR_DS_300,fwd_2,0,0,602,0,301,140.625
Test_03_B_LR_DS_300,fwd_2,0,0,602,0,301,93.75
Test_03_B_LR_DS_300,fwd_2,0,0,602,0,301,187.5
Test_03_B_LR_DS_300,fwd_g2,600,301,903,0,602,500.0
Test_03_B_LR_DS_300,fwd_g2,600,301,903,0,602,484.375
Test_03_B_LR_DS_300,fwd_g2,600,301,903,0,602,546.875
Test_03_B_LR_DS_400,fwd_1,802,401,802,0,802,281.25
Test_03_B_LR_DS_400,fwd_1,802,401,802,0,802,375.0
Test_03_B_LR_DS_400,fwd_1,802,401,802,0,802,250.0
Test_03_B_LR_DS_400,fwd_2,0,0,802,0,401,265.625
Test_03_B_LR_DS_400,fwd_2,0,0,802,0,401,296.875
Test_03_B_LR_DS_400,fwd_2,0,0,802,0,401,281.25
Test_03_B_LR_DS_400,fwd_g2,800,401,1203,0,802,640.625
Test_03_B_LR_DS_400,fwd_g2,800,401,1203,0,802,656.25
Test_03_B_LR_DS_400,fwd_g2,800,401,1203,0,802,671.875
Test_03_B_LR_DS_500,fwd_1,2001,501,1002,1002,0,984.375
Test_03_B_LR_DS_500,fwd_1,2001,501,1002,1002,0,890.625
Test_03_B_LR_DS_500,fwd_1,2001,501,1002,1002,0,1031.25
Test_03_B_LR_DS_500,fwd_e,2001,501,1002,1002,0,1265.625
Test_03_B_LR_DS_500,fwd_e,2001,501,1002,1002,0,1234.375
Test_03_B_LR_DS_500,fwd_e,2001,501,1002,1002,0,1343.75
Test_03_B_LR_DS_500,fwd_2,0,0,1002,1002,0,765.625
Test_03_B_LR_DS_500,fwd_2,0,0,1002,1002,0,593.75
Test_03_B_LR_DS_500,fwd_2,0,0,1002,1002,0,765.625
Test_03_B_LR_DS_500,fwd_g2,2001,501,1503,1002 501 501 {True},0,843.75
Test_03_B_LR_DS_500,fwd_g2,2001,501,1503,1002 501 501 {True},0,875.0
Test_03_B_LR_DS_500,fwd_g2,2001,501,1503,1002 501 501 {True},0,1000.0
Test_03_B_LR_DS_600,fwd_1,801,401,802,0,802,406.25
Test_03_B_LR_DS_600,fwd_1,801,401,802,0,802,281.25
Test_03_B_LR_DS_600,fwd_1,801,401,802,0,802,281.25
Test_03_B_LR_DS_600,fwd_2,0,0,802,0,401,265.625
Test_03_B_LR_DS_600,fwd_2,0,0,802,0,401,281.25
Test_03_B_LR_DS_600,fwd_2,0,0,802,0,401,312.5
Test_03_B_LR_DS_600,fwd_g2,800,401,1203,0,802,546.875
Test_03_B_LR_DS_600,fwd_g2,800,401,1203,0,802,609.375
Test_03_B_LR_DS_600,fwd_g2,800,401,1203,0,802,609.375
Test_03_B_LR_DS_700,fwd_1,601,301,602,0,602,187.5
Test_03_B_LR_DS_700,fwd_1,601,301,602,0,602,187.5
Test_03_B_LR_DS_700,fwd_1,601,301,602,0,602,171.875
Test_03_B_LR_DS_700,fwd_2,0,0,602,0,301,156.25
Test_03_B_LR_DS_700,fwd_2,0,0,602,0,301,156.25
Test_03_B_LR_DS_700,fwd_2,0,0,602,0,301,156.25
Test_03_B_LR_DS_700,fwd_g2,600,301,903,0,602,515.625
Test_03_B_LR_DS_700,fwd_g2,600,301,903,0,602,484.375
Test_03_B_LR_DS_700,fwd_g2,600,301,903,0,602,500.0
Test_03_B_LR_DS_800,fwd_1,401,201,402,0,402,109.375
Test_03_B_LR_DS_800,fwd_1,401,201,402,0,402,93.75
Test_03_B_LR_DS_800,fwd_1,401,201,402,0,402,93.75
Test_03_B_LR_DS_800,fwd_e,20401,10201,402,0,402,9937.5
Test_03_B_LR_DS_800,fwd_e,20401,10201,402,0,402,10187.5
Test_03_B_LR_DS_800,fwd_e,20401,10201,402,0,402,10078.125
Test_03_B_LR_DS_800,fwd_2,0,0,402,0,201,78.125
Test_03_B_LR_DS_800,fwd_2,0,0,402,0,201,78.125
Test_03_B_LR_DS_800,fwd_2,0,0,402,0,201,78.125
Test_03_B_LR_DS_800,fwd_g2,400,201,603,0,402,390.625
Test_03_B_LR_DS_800,fwd_g2,400,201,603,0,402,359.375
Test_03_B_LR_DS_800,fwd_g2,400,201,603,0,402,375.0
Test_03_B_LR_DS_900,fwd_1,201,101,202,0,202,31.25
Test_03_B_LR_DS_900,fwd_1,201,101,202,0,202,15.625
Test_03_B_LR_DS_900,fwd_1,201,101,202,0,202,15.625
Test_03_B_LR_DS_900,fwd_e,5201,2601,202,0,202,921.875
Test_03_B_LR_DS_900,fwd_e,5201,2601,202,0,202,828.125
Test_03_B_LR_DS_900,fwd_e,5201,2601,202,0,202,859.375
Test_03_B_LR_DS_900,fwd_2,0,0,202,0,101,15.625
Test_03_B_LR_DS_900,fwd_2,0,0,202,0,101,0.0
Test_03_B_LR_DS_900,fwd_2,0,0,202,0,101,15.625
Test_03_B_LR_DS_900,fwd_g2,200,101,303,0,202,406.25
Test_03_B_LR_DS_900,fwd_g2,200,101,303,0,202,359.375
Test_03_B_LR_DS_900,fwd_g2,200,101,303,0,202,375.0
Test_03_B_LR_DS_1000,fwd_1,1,1,2,0,2,0.0
Test_03_B_LR_DS_1000,fwd_1,1,1,2,0,2,0.0
Test_03_B_LR_DS_1000,fwd_1,1,1,2,0,2,0.0
Test_03_B_LR_DS_1000,fwd_e,1,1,2,0,2,0.0
Test_03_B_LR_DS_1000,fwd_e,1,1,2,0,2,0.0
Test_03_B_LR_DS_1000,fwd_e,1,1,2,0,2,0.0
Test_03_B_LR_DS_1000,fwd_2,0,0,2,0,1,0.0
Test_03_B_LR_DS_1000,fwd_2,0,0,2,0,1,0.0
Test_03_B_LR_DS_1000,fwd_2,0,0,2,0,1,0.0
Test_03_B_LR_DS_1000,fwd_g2,1,1,3,0,2,250.0
Test_03_B_LR_DS_1000,fwd_g2,1,1,3,0,2,281.25
Test_03_B_LR_DS_1000,fwd_g2,1,1,3,0,2,265.625
Test_03_C_RL_DS_100,fwd_1,202,101,202,0,202,15.625
Test_03_C_RL_DS_100,fwd_1,202,101,202,0,202,0.0
Test_03_C_RL_DS_100,fwd_1,202,101,202,0,202,15.625
Test_03_C_RL_DS_100,fwd_e,5202,2601,202,0,202,890.625
Test_03_C_RL_DS_100,fwd_e,5202,2601,202,0,202,859.375
Test_03_C_RL_DS_100,fwd_e,5202,2601,202,0,202,796.875
Test_03_C_RL_DS_100,fwd_2,0,0,202,0,101,15.625
Test_03_C_RL_DS_100,fwd_2,0,0,202,0,101,15.625
Test_03_C_RL_DS_100,fwd_2,0,0,202,0,101,15.625
Test_03_C_RL_DS_100,fwd_g2,200,101,403,0,202,375.0
Test_03_C_RL_DS_100,fwd_g2,200,101,403,0,202,390.625
Test_03_C_RL_DS_100,fwd_g2,200,101,403,0,202,296.875
Test_03_C_RL_DS_200,fwd_1,402,201,402,0,402,78.125
Test_03_C_RL_DS_200,fwd_1,402,201,402,0,402,93.75
Test_03_C_RL_DS_200,fwd_1,402,201,402,0,402,109.375
Test_03_C_RL_DS_200,fwd_e,20402,10201,402,0,402,11156.25
Test_03_C_RL_DS_200,fwd_e,20402,10201,402,0,402,10343.75
Test_03_C_RL_DS_200,fwd_e,20402,10201,402,0,402,11203.125
Test_03_C_RL_DS_200,fwd_2,0,0,402,0,201,78.125
Test_03_C_RL_DS_200,fwd_2,0,0,402,0,201,62.5
Test_03_C_RL_DS_200,fwd_2,0,0,402,0,201,78.125
Test_03_C_RL_DS_200,fwd_g2,400,201,803,0,402,437.5
Test_03_C_RL_DS_200,fwd_g2,400,201,803,0,402,531.25
Test_03_C_RL_DS_200,fwd_g2,400,201,803,0,402,390.625
Test_03_C_RL_DS_300,fwd_1,602,301,602,0,602,203.125
Test_03_C_RL_DS_300,fwd_1,602,301,602,0,602,187.5
Test_03_C_RL_DS_300,fwd_1,602,301,602,0,602,187.5
Test_03_C_RL_DS_300,fwd_2,0,0,602,0,301,109.375
Test_03_C_RL_DS_300,fwd_2,0,0,602,0,301,109.375
Test_03_C_RL_DS_300,fwd_2,0,0,602,0,301,203.125
Test_03_C_RL_DS_300,fwd_g2,600,301,1203,0,602,593.75
Test_03_C_RL_DS_300,fwd_g2,600,301,1203,0,602,687.5
Test_03_C_RL_DS_300,fwd_g2,600,301,1203,0,602,656.25
Test_03_C_RL_DS_400,fwd_1,802,401,802,0,802,390.625
Test_03_C_RL_DS_400,fwd_1,802,401,802,0,802,375.0
Test_03_C_RL_DS_400,fwd_1,802,401,802,0,802,312.5
Test_03_C_RL_DS_400,fwd_2,0,0,802,0,401,312.5
Test_03_C_RL_DS_400,fwd_2,0,0,802,0,401,281.25
Test_03_C_RL_DS_400,fwd_2,0,0,802,0,401,296.875
Test_03_C_RL_DS_400,fwd_g2,800,401,1603,0,802,859.375
Test_03_C_RL_DS_400,fwd_g2,800,401,1603,0,802,796.875
Test_03_C_RL_DS_400,fwd_g2,800,401,1603,0,802,921.875
Test_03_C_RL_DS_500,fwd_1,2001,501,1002,1002,0,1015.625
Test_03_C_RL_DS_500,fwd_1,2001,501,1002,1002,0,921.875
Test_03_C_RL_DS_500,fwd_1,2001,501,1002,1002,0,968.75
Test_03_C_RL_DS_500,fwd_e,2001,501,1002,1002,0,1109.375
Test_03_C_RL_DS_500,fwd_e,2001,501,1002,1002,0,1203.125
Test_03_C_RL_DS_500,fwd_e,2001,501,1002,1002,0,1125.0
Test_03_C_RL_DS_500,fwd_2,0,0,1002,1002,0,703.125
Test_03_C_RL_DS_500,fwd_2,0,0,1002,1002,0,718.75
Test_03_C_RL_DS_500,fwd_2,0,0,1002,1002,0,859.375
Test_03_C_RL_DS_500,fwd_g2,2001,501,1503,1002 501 501 {True},0,890.625
Test_03_C_RL_DS_500,fwd_g2,2001,501,1503,1002 501 501 {True},0,812.5
Test_03_C_RL_DS_500,fwd_g2,2001,501,1503,1002 501 501 {True},0,859.375
Test_03_C_RL_DS_600,fwd_1,801,401,802,0,802,343.75
Test_03_C_RL_DS_600,fwd_1,801,401,802,0,802,375.0
Test_03_C_RL_DS_600,fwd_1,801,401,802,0,802,375.0
Test_03_C_RL_DS_600,fwd_2,0,0,802,0,401,343.75
Test_03_C_RL_DS_600,fwd_2,0,0,802,0,401,343.75
Test_03_C_RL_DS_600,fwd_2,0,0,802,0,401,312.5
Test_03_C_RL_DS_600,fwd_g2,800,401,1603,0,802,843.75
Test_03_C_RL_DS_600,fwd_g2,800,401,1603,0,802,843.75
Test_03_C_RL_DS_600,fwd_g2,800,401,1603,0,802,890.625
Test_03_C_RL_DS_700,fwd_1,601,301,602,0,602,234.375
Test_03_C_RL_DS_700,fwd_1,601,301,602,0,602,187.5
Test_03_C_RL_DS_700,fwd_1,601,301,602,0,602,171.875
Test_03_C_RL_DS_700,fwd_2,0,0,602,0,301,140.625
Test_03_C_RL_DS_700,fwd_2,0,0,602,0,301,140.625
Test_03_C_RL_DS_700,fwd_2,0,0,602,0,301,203.125
Test_03_C_RL_DS_700,fwd_g2,600,301,1203,0,602,562.5
Test_03_C_RL_DS_700,fwd_g2,600,301,1203,0,602,625.0
Test_03_C_RL_DS_700,fwd_g2,600,301,1203,0,602,609.375
Test_03_C_RL_DS_800,fwd_1,401,201,402,0,402,78.125
Test_03_C_RL_DS_800,fwd_1,401,201,402,0,402,78.125
Test_03_C_RL_DS_800,fwd_1,401,201,402,0,402,93.75
Test_03_C_RL_DS_800,fwd_e,20401,10201,402,0,402,11062.5
Test_03_C_RL_DS_800,fwd_e,20401,10201,402,0,402,11281.25
Test_03_C_RL_DS_800,fwd_e,20401,10201,402,0,402,10875.0
Test_03_C_RL_DS_800,fwd_2,0,0,402,0,201,62.5
Test_03_C_RL_DS_800,fwd_2,0,0,402,0,201,78.125
Test_03_C_RL_DS_800,fwd_2,0,0,402,0,201,93.75
Test_03_C_RL_DS_800,fwd_g2,400,201,803,0,402,468.75
Test_03_C_RL_DS_800,fwd_g2,400,201,803,0,402,468.75
Test_03_C_RL_DS_800,fwd_g2,400,201,803,0,402,390.625
Test_03_C_RL_DS_900,fwd_1,201,101,202,0,202,0.0
Test_03_C_RL_DS_900,fwd_1,201,101,202,0,202,0.0
Test_03_C_RL_DS_900,fwd_1,201,101,202,0,202,15.625
Test_03_C_RL_DS_900,fwd_e,5201,2601,202,0,202,781.25
Test_03_C_RL_DS_900,fwd_e,5201,2601,202,0,202,828.125
Test_03_C_RL_DS_900,fwd_e,5201,2601,202,0,202,906.25
Test_03_C_RL_DS_900,fwd_2,0,0,202,0,101,15.625
Test_03_C_RL_DS_900,fwd_2,0,0,202,0,101,15.625
Test_03_C_RL_DS_900,fwd_2,0,0,202,0,101,15.625
Test_03_C_RL_DS_900,fwd_g2,200,101,403,0,202,359.375
Test_03_C_RL_DS_900,fwd_g2,200,101,403,0,202,437.5
Test_03_C_RL_DS_900,fwd_g2,200,101,403,0,202,359.375
Test_03_C_RL_DS_1000,fwd_1,1,1,2,0,2,0.0
Test_03_C_RL_DS_1000,fwd_1,1,1,2,0,2,0.0
Test_03_C_RL_DS_1000,fwd_1,1,1,2,0,2,0.0
Test_03_C_RL_DS_1000,fwd_e,1,1,2,0,2,0.0
Test_03_C_RL_DS_1000,fwd_e,1,1,2,0,2,0.0
Test_03_C_RL_DS_1000,fwd_e,1,1,2,0,2,0.0
Test_03_C_RL_DS_1000,fwd_2,0,0,2,0,1,0.0
Test_03_C_RL_DS_1000,fwd_2,0,0,2,0,1,0.0
Test_03_C_RL_DS_1000,fwd_2,0,0,2,0,1,0.0
Test_03_C_RL_DS_1000,fwd_g2,1,1,3,0,2,296.875
Test_03_C_RL_DS_1000,fwd_g2,1,1,3,0,2,250.0
Test_03_C_RL_DS_1000,fwd_g2,1,1,3,0,2,265.625
Test_03_D_LR_NDS_100,fwd_g2,166751,6143,303,0,12286,5828.125
Test_03_D_LR_NDS_100,fwd_g2,166751,6009,303,0,12018,6265.625
Test_03_D_LR_NDS_100,fwd_g2,166751,6302,303,0,12604,6250.0
Test_03_D_LR_NDS_900,fwd_g2,166751,6007,303,0,12014,5953.125
Test_03_D_LR_NDS_900,fwd_g2,166751,6223,303,0,12446,6546.875
Test_03_D_LR_NDS_900,fwd_g2,166751,5827,303,0,11654,6375.0
Test_03_D_LR_NDS_1000,fwd_1,1,1,2,0,2,0.0
Test_03_D_LR_NDS_1000,fwd_1,1,1,2,0,2,0.0
Test_03_D_LR_NDS_1000,fwd_1,1,1,2,0,2,0.0
Test_03_D_LR_NDS_1000,fwd_e,1,1,2,0,2,0.0
Test_03_D_LR_NDS_1000,fwd_e,1,1,2,0,2,0.0
Test_03_D_LR_NDS_1000,fwd_e,1,1,2,0,2,0.0
Test_03_D_LR_NDS_1000,fwd_2,0,0,2,0,1,0.0
Test_03_D_LR_NDS_1000,fwd_2,0,0,2,0,1,0.0
Test_03_D_LR_NDS_1000,fwd_2,0,0,2,0,1,0.0
Test_03_D_LR_NDS_1000,fwd_g2,1,1,3,0,2,171.875
Test_03_D_LR_NDS_1000,fwd_g2,1,1,3,0,2,281.25
Test_03_D_LR_NDS_1000,fwd_g2,1,1,3,0,2,296.875
Test_03_E_RL_NDS_100,fwd_g2,166751,6080,403,0,12160,3187.5
Test_03_E_RL_NDS_100,fwd_g2,166751,6144,403,0,12288,3343.75
Test_03_E_RL_NDS_100,fwd_g2,166751,6001,403,0,12002,3156.25
Test_03_E_RL_NDS_900,fwd_g2,166751,6212,403,0,12424,3078.125
Test_03_E_RL_NDS_900,fwd_g2,166751,6085,403,0,12170,3218.75
Test_03_E_RL_NDS_900,fwd_g2,166751,6107,403,0,12214,3062.5
Test_03_E_RL_NDS_1000,fwd_1,1,1,2,0,2,0.0
Test_03_E_RL_NDS_1000,fwd_1,1,1,2,0,2,0.0
Test_03_E_RL_NDS_1000,fwd_1,1,1,2,0,2,0.0
Test_03_E_RL_NDS_1000,fwd_e,1,1,2,0,2,0.0
Test_03_E_RL_NDS_1000,fwd_e,1,1,2,0,2,0.0
Test_03_E_RL_NDS_1000,fwd_e,1,1,2,0,2,0.0
Test_03_E_RL_NDS_1000,fwd_2,0,0,2,0,1,0.0
Test_03_E_RL_NDS_1000,fwd_2,0,0,2,0,1,0.0
Test_03_E_RL_NDS_1000,fwd_2,0,0,2,0,1,0.0
Test_03_E_RL_NDS_1000,fwd_g2,1,1,3,0,2,281.25
Test_03_E_RL_NDS_1000,fwd_g2,1,1,3,0,2,312.5
Test_03_E_RL_NDS_1000,fwd_g2,1,1,3,0,2,296.875
Test_03_F_CPT_100,fwd_1,4502,101,202,0,202,296.875
Test_03_F_CPT_100,fwd_1,4502,101,202,0,202,390.625
Test_03_F_CPT_100,fwd_1,4502,101,202,0,202,281.25
Test_03_F_CPT_100,fwd_e,140229,4943,202,0,202,13906.25
Test_03_F_CPT_100,fwd_e,140229,4943,202,0,202,14125.0
Test_03_F_CPT_100,fwd_e,140229,4943,202,0,202,14125.0
Test_03_F_CPT_100,fwd_2,0,0,202,0,101,250.0
Test_03_F_CPT_100,fwd_2,0,0,202,0,101,218.75
Test_03_F_CPT_100,fwd_2,0,0,202,0,101,218.75
Test_03_F_CPT_100,fwd_g2,4502,101,303,0,202,453.125
Test_03_F_CPT_100,fwd_g2,4502,101,303,0,202,437.5
Test_03_F_CPT_100,fwd_g2,4502,101,303,0,202,437.5
Test_03_F_CPT_200,fwd_1,10113,201,402,0,402,1406.25
Test_03_F_CPT_200,fwd_1,10113,201,402,0,402,1359.375
Test_03_F_CPT_200,fwd_1,10113,201,402,0,402,1328.125
Test_03_F_CPT_200,fwd_2,0,0,402,0,201,1046.875
Test_03_F_CPT_200,fwd_2,0,0,402,0,201,1281.25
Test_03_F_CPT_200,fwd_2,0,0,402,0,201,1093.75
Test_03_F_CPT_200,fwd_g2,10113,201,603,0,402,765.625
Test_03_F_CPT_200,fwd_g2,10113,201,603,0,402,921.875
Test_03_F_CPT_200,fwd_g2,10113,201,603,0,402,937.5
Test_03_F_CPT_300,fwd_1,26824,301,602,0,602,5468.75
Test_03_F_CPT_300,fwd_1,26824,301,602,0,602,5796.875
Test_03_F_CPT_300,fwd_1,26824,301,602,0,602,5453.125
Test_03_F_CPT_300,fwd_2,0,0,602,0,301,5078.125
Test_03_F_CPT_300,fwd_2,0,0,602,0,301,4859.375
Test_03_F_CPT_300,fwd_2,0,0,602,0,301,5031.25
Test_03_F_CPT_300,fwd_g2,26824,301,903,0,602,2218.75
Test_03_F_CPT_300,fwd_g2,26824,301,903,0,602,2328.125
Test_03_F_CPT_300,fwd_g2,26824,301,903,0,602,2281.25
Test_03_F_CPT_400,fwd_1,54635,401,802,0,802,15968.75
Test_03_F_CPT_400,fwd_1,54635,401,802,0,802,16671.875
Test_03_F_CPT_400,fwd_1,54635,401,802,0,802,17109.375
Test_03_F_CPT_400,fwd_2,0,0,802,0,401,13296.875
Test_03_F_CPT_400,fwd_2,0,0,802,0,401,13421.875
Test_03_F_CPT_400,fwd_2,0,0,802,0,401,13406.25
Test_03_F_CPT_400,fwd_g2,54635,401,1203,0,802,6140.625
Test_03_F_CPT_400,fwd_g2,54635,401,1203,0,802,5906.25
Test_03_F_CPT_400,fwd_g2,54635,401,1203,0,802,6046.875
Test_03_F_CPT_600,fwd_1,54635,401,802,0,802,16093.75
Test_03_F_CPT_600,fwd_1,54635,401,802,0,802,17031.25
Test_03_F_CPT_600,fwd_1,54635,401,802,0,802,16687.5
Test_03_F_CPT_600,fwd_2,0,0,802,0,401,13453.125
Test_03_F_CPT_600,fwd_2,0,0,802,0,401,14390.625
Test_03_F_CPT_600,fwd_2,0,0,802,0,401,14562.5
Test_03_F_CPT_600,fwd_g2,54635,401,1203,0,802,6125.0
Test_03_F_CPT_600,fwd_g2,54635,401,1203,0,802,6062.5
Test_03_F_CPT_600,fwd_g2,54635,401,1203,0,802,6281.25
Test_03_F_CPT_700,fwd_1,26824,301,602,0,602,6109.375
Test_03_F_CPT_700,fwd_1,26824,301,602,0,602,6343.75
Test_03_F_CPT_700,fwd_1,26824,301,602,0,602,5671.875
Test_03_F_CPT_700,fwd_2,0,0,602,0,301,4812.5
Test_03_F_CPT_700,fwd_2,0,0,602,0,301,4796.875
Test_03_F_CPT_700,fwd_2,0,0,602,0,301,4734.375
Test_03_F_CPT_700,fwd_g2,26824,301,903,0,602,2421.875
Test_03_F_CPT_700,fwd_g2,26824,301,903,0,602,2265.625
Test_03_F_CPT_700,fwd_g2,26824,301,903,0,602,2328.125
Test_03_F_CPT_800,fwd_1,10113,201,402,0,402,1328.125
Test_03_F_CPT_800,fwd_1,10113,201,402,0,402,1406.25
Test_03_F_CPT_800,fwd_1,10113,201,402,0,402,1312.5
Test_03_F_CPT_800,fwd_2,0,0,402,0,201,1234.375
Test_03_F_CPT_800,fwd_2,0,0,402,0,201,1062.5
Test_03_F_CPT_800,fwd_2,0,0,402,0,201,1062.5
Test_03_F_CPT_800,fwd_g2,10113,201,603,0,402,812.5
Test_03_F_CPT_800,fwd_g2,10113,201,603,0,402,875.0
Test_03_F_CPT_800,fwd_g2,10113,201,603,0,402,843.75
Test_03_F_CPT_900,fwd_1,4502,101,202,0,202,312.5
Test_03_F_CPT_900,fwd_1,4502,101,202,0,202,281.25
Test_03_F_CPT_900,fwd_1,4502,101,202,0,202,375.0
Test_03_F_CPT_900,fwd_e,140229,4943,202,0,202,14828.125
Test_03_F_CPT_900,fwd_e,140229,4943,202,0,202,13500.0
Test_03_F_CPT_900,fwd_e,140229,4943,202,0,202,13937.5
Test_03_F_CPT_900,fwd_2,0,0,202,0,101,312.5
Test_03_F_CPT_900,fwd_2,0,0,202,0,101,234.375
Test_03_F_CPT_900,fwd_2,0,0,202,0,101,234.375
Test_03_F_CPT_900,fwd_g2,4502,101,303,0,202,500.0
Test_03_F_CPT_900,fwd_g2,4502,101,303,0,202,421.875
Test_03_F_CPT_900,fwd_g2,4502,101,303,0,202,546.875
Test_03_F_CPT_1000,fwd_1,1,1,2,0,2,0.0
Test_03_F_CPT_1000,fwd_1,1,1,2,0,2,0.0
Test_03_F_CPT_1000,fwd_1,1,1,2,0,2,0.0
Test_03_F_CPT_1000,fwd_e,1,1,2,0,2,0.0
Test_03_F_CPT_1000,fwd_e,1,1,2,0,2,0.0
Test_03_F_CPT_1000,fwd_e,1,1,2,0,2,0.0
Test_03_F_CPT_1000,fwd_2,0,0,2,0,1,0.0
Test_03_F_CPT_1000,fwd_2,0,0,2,0,1,0.0
Test_03_F_CPT_1000,fwd_2,0,0,2,0,1,0.0
Test_03_F_CPT_1000,fwd_g2,1,1,3,0,2,359.375
Test_03_F_CPT_1000,fwd_g2,1,1,3,0,2,281.25
Test_03_F_CPT_1000,fwd_g2,1,1,3,0,2,343.75
Test_04_A_DET_100,fwd_1,202,101,202,0,202,31.25
Test_04_A_DET_100,fwd_1,202,101,202,0,202,0.0
Test_04_A_DET_100,fwd_1,202,101,202,0,202,0.0
Test_04_A_DET_100,fwd_e,5202,2601,202,0,202,859.375
Test_04_A_DET_100,fwd_e,5202,2601,202,0,202,1000.0
Test_04_A_DET_100,fwd_e,5202,2601,202,0,202,703.125
Test_04_A_DET_100,fwd_2,0,0,202,0,101,15.625
Test_04_A_DET_100,fwd_2,0,0,202,0,101,15.625
Test_04_A_DET_100,fwd_2,0,0,202,0,101,0.0
Test_04_A_DET_100,fwd_g2,200,101,403,0,202,328.125
Test_04_A_DET_100,fwd_g2,200,101,403,0,202,375.0
Test_04_A_DET_100,fwd_g2,200,101,403,0,202,375.0
Test_04_A_DET_200,fwd_1,402,201,402,0,402,109.375
Test_04_A_DET_200,fwd_1,402,201,402,0,402,93.75
Test_04_A_DET_200,fwd_1,402,201,402,0,402,46.875
Test_04_A_DET_200,fwd_e,20402,10201,402,0,402,10546.875
Test_04_A_DET_200,fwd_e,20402,10201,402,0,402,10828.125
Test_04_A_DET_200,fwd_e,20402,10201,402,0,402,10937.5
Test_04_A_DET_200,fwd_2,0,0,402,0,201,78.125
Test_04_A_DET_200,fwd_2,0,0,402,0,201,62.5
Test_04_A_DET_200,fwd_2,0,0,402,0,201,78.125
Test_04_A_DET_200,fwd_g2,400,201,803,0,402,453.125
Test_04_A_DET_200,fwd_g2,400,201,803,0,402,562.5
Test_04_A_DET_200,fwd_g2,400,201,803,0,402,500.0
Test_04_A_DET_300,fwd_1,602,301,602,0,602,171.875
Test_04_A_DET_300,fwd_1,602,301,602,0,602,156.25
Test_04_A_DET_300,fwd_1,602,301,602,0,602,187.5
Test_04_A_DET_300,fwd_2,0,0,602,0,301,171.875
Test_04_A_DET_300,fwd_2,0,0,602,0,301,156.25
Test_04_A_DET_300,fwd_2,0,0,602,0,301,171.875
Test_04_A_DET_300,fwd_g2,600,301,1203,0,602,546.875
Test_04_A_DET_300,fwd_g2,600,301,1203,0,602,656.25
Test_04_A_DET_300,fwd_g2,600,301,1203,0,602,578.125
Test_04_A_DET_400,fwd_1,802,401,802,0,802,312.5
Test_04_A_DET_400,fwd_1,802,401,802,0,802,390.625
Test_04_A_DET_400,fwd_1,802,401,802,0,802,406.25
Test_04_A_DET_400,fwd_2,0,0,802,0,401,296.875
Test_04_A_DET_400,fwd_2,0,0,802,0,401,265.625
Test_04_A_DET_400,fwd_2,0,0,802,0,401,265.625
Test_04_A_DET_400,fwd_g2,800,401,1603,0,802,921.875
Test_04_A_DET_400,fwd_g2,800,401,1603,0,802,875.0
Test_04_A_DET_400,fwd_g2,800,401,1603,0,802,937.5
Test_04_A_DET_500,fwd_1,2001,501,1002,1002,0,906.25
Test_04_A_DET_500,fwd_1,2001,501,1002,1002,0,968.75
Test_04_A_DET_500,fwd_1,2001,501,1002,1002,0,1000.0
Test_04_A_DET_500,fwd_e,2001,501,1002,1002,0,1437.5
Test_04_A_DET_500,fwd_e,2001,501,1002,1002,0,1421.875
Test_04_A_DET_500,fwd_e,2001,501,1002,1002,0,1484.375
Test_04_A_DET_500,fwd_2,0,0,1002,1002,0,906.25
Test_04_A_DET_500,fwd_2,0,0,1002,1002,0,734.375
Test_04_A_DET_500,fwd_2,0,0,1002,1002,0,828.125
Test_04_A_DET_500,fwd_g2,2001,501,2002,1002 501 501 {True},0,1406.25
Test_04_A_DET_500,fwd_g2,2001,501,2002,1002 501 501 {True},0,1468.75
Test_04_A_DET_500,fwd_g2,2001,501,2002,1002 501 501 {True},0,1406.25
Test_04_A_DET_600,fwd_1,801,401,802,0,802,343.75
Test_04_A_DET_600,fwd_1,801,401,802,0,802,343.75
Test_04_A_DET_600,fwd_1,801,401,802,0,802,390.625
Test_04_A_DET_600,fwd_2,0,0,802,0,401,296.875
Test_04_A_DET_600,fwd_2,0,0,802,0,401,359.375
Test_04_A_DET_600,fwd_2,0,0,802,0,401,312.5
Test_04_A_DET_600,fwd_g2,800,401,1602,0,802,937.5
Test_04_A_DET_600,fwd_g2,800,401,1602,0,802,984.375
Test_04_A_DET_600,fwd_g2,800,401,1602,0,802,968.75
Test_04_A_DET_700,fwd_1,601,301,602,0,602,203.125
Test_04_A_DET_700,fwd_1,601,301,602,0,602,203.125
Test_04_A_DET_700,fwd_1,601,301,602,0,602,187.5
Test_04_A_DET_700,fwd_2,0,0,602,0,301,187.5
Test_04_A_DET_700,fwd_2,0,0,602,0,301,109.375
Test_04_A_DET_700,fwd_2,0,0,602,0,301,156.25
Test_04_A_DET_700,fwd_g2,600,301,1202,0,602,671.875
Test_04_A_DET_700,fwd_g2,600,301,1202,0,602,734.375
Test_04_A_DET_700,fwd_g2,600,301,1202,0,602,671.875
Test_04_A_DET_800,fwd_1,401,201,402,0,402,93.75
Test_04_A_DET_800,fwd_1,401,201,402,0,402,93.75
Test_04_A_DET_800,fwd_1,401,201,402,0,402,78.125
Test_04_A_DET_800,fwd_e,20401,10201,402,0,402,11156.25
Test_04_A_DET_800,fwd_e,20401,10201,402,0,402,11203.125
Test_04_A_DET_800,fwd_e,20401,10201,402,0,402,10859.375
Test_04_A_DET_800,fwd_2,0,0,402,0,201,78.125
Test_04_A_DET_800,fwd_2,0,0,402,0,201,78.125
Test_04_A_DET_800,fwd_2,0,0,402,0,201,78.125
Test_04_A_DET_800,fwd_g2,400,201,802,0,402,468.75
Test_04_A_DET_800,fwd_g2,400,201,802,0,402,468.75
Test_04_A_DET_800,fwd_g2,400,201,802,0,402,500.0
Test_04_A_DET_900,fwd_1,201,101,202,0,202,0.0
Test_04_A_DET_900,fwd_1,201,101,202,0,202,31.25
Test_04_A_DET_900,fwd_1,201,101,202,0,202,31.25
Test_04_A_DET_900,fwd_e,5201,2601,202,0,202,953.125
Test_04_A_DET_900,fwd_e,5201,2601,202,0,202,953.125
Test_04_A_DET_900,fwd_e,5201,2601,202,0,202,875.0
Test_04_A_DET_900,fwd_2,0,0,202,0,101,15.625
Test_04_A_DET_900,fwd_2,0,0,202,0,101,0.0
Test_04_A_DET_900,fwd_2,0,0,202,0,101,0.0
Test_04_A_DET_900,fwd_g2,200,101,402,0,202,421.875
Test_04_A_DET_900,fwd_g2,200,101,402,0,202,375.0
Test_04_A_DET_900,fwd_g2,200,101,402,0,202,359.375
Test_04_A_DET_1000,fwd_1,1,1,2,0,2,0.0
Test_04_A_DET_1000,fwd_1,1,1,2,0,2,0.0
Test_04_A_DET_1000,fwd_1,1,1,2,0,2,0.0
Test_04_A_DET_1000,fwd_e,1,1,2,0,2,0.0
Test_04_A_DET_1000,fwd_e,1,1,2,0,2,0.0
Test_04_A_DET_1000,fwd_e,1,1,2,0,2,0.0
Test_04_A_DET_1000,fwd_2,0,0,2,0,1,0.0
Test_04_A_DET_1000,fwd_2,0,0,2,0,1,0.0
Test_04_A_DET_1000,fwd_2,0,0,2,0,1,0.0
Test_04_A_DET_1000,fwd_g2,1,1,3,0,2,265.625
Test_04_A_DET_1000,fwd_g2,1,1,3,0,2,218.75
Test_04_A_DET_1000,fwd_g2,1,1,3,0,2,234.375
Test_04_B_NDET_100,fwd_g2,166751,5971,403,0,11942,3078.125
Test_04_B_NDET_100,fwd_g2,166751,6130,403,0,12260,3203.125
Test_04_B_NDET_100,fwd_g2,166751,5982,403,0,11964,3375.0
Test_04_B_NDET_900,fwd_g2,166751,5930,402,0,11860,4171.875
Test_04_B_NDET_900,fwd_g2,166751,6059,402,0,12118,4156.25
Test_04_B_NDET_900,fwd_g2,166751,6037,402,0,12074,4296.875
Test_04_B_NDET_1000,fwd_1,1,1,2,0,2,0.0
Test_04_B_NDET_1000,fwd_1,1,1,2,0,2,0.0
Test_04_B_NDET_1000,fwd_1,1,1,2,0,2,0.0
Test_04_B_NDET_1000,fwd_e,1,1,2,0,2,0.0
Test_04_B_NDET_1000,fwd_e,1,1,2,0,2,0.0
Test_04_B_NDET_1000,fwd_e,1,1,2,0,2,0.0
Test_04_B_NDET_1000,fwd_2,0,0,2,0,1,0.0
Test_04_B_NDET_1000,fwd_2,0,0,2,0,1,0.0
Test_04_B_NDET_1000,fwd_2,0,0,2,0,1,0.0
Test_04_B_NDET_1000,fwd_g2,1,1,3,0,2,312.5
Test_04_B_NDET_1000,fwd_g2,1,1,3,0,2,343.75
Test_04_B_NDET_1000,fwd_g2,1,1,3,0,2,281.25
Test_05_A_LR_100,fwd_1,2625,2524,5048,0,5048,953.125
Test_05_A_LR_100,fwd_1,2723,2622,5244,0,5244,984.375
Test_05_A_LR_100,fwd_1,2663,2562,5124,0,5124,1046.875
Test_05_A_LR_100,fwd_e,47135,4878,4756,0,4756,3593.75
Test_05_A_LR_100,fwd_e,49889,5145,5290,0,5290,3390.625
Test_05_A_LR_100,fwd_e,45482,5126,5252,0,5252,3531.25
Test_05_A_LR_100,fwd_2,0,0,4958,0,2480,171.875
Test_05_A_LR_100,fwd_2,0,0,5522,0,2762,187.5
Test_05_A_LR_100,fwd_2,0,0,5516,0,2759,203.125
Test_05_A_LR_100,fwd_g2,2847,2746,303,0,5492,609.375
Test_05_A_LR_100,fwd_g2,2921,2820,303,0,5640,531.25
Test_05_A_LR_100,fwd_g2,2784,2683,303,0,5366,640.625
Test_05_A_LR_200,fwd_1,9623,9422,18844,0,18844,16156.25
Test_05_A_LR_200,fwd_1,11244,11043,22086,0,22086,24187.5
Test_05_A_LR_200,fwd_1,11158,10957,21914,0,21914,23140.625
Test_05_A_LR_200,fwd_2,0,0,20974,0,10488,1812.5
Test_05_A_LR_200,fwd_2,0,0,19184,0,9593,1796.875
Test_05_A_LR_200,fwd_2,0,0,20460,0,10231,1609.375
Test_05_A_LR_200,fwd_g2,10427,10226,603,0,20452,4234.375
Test_05_A_LR_200,fwd_g2,11150,10949,603,0,21898,4812.5
Test_05_A_LR_200,fwd_g2,9979,9778,603,0,19556,4546.875
Test_05_A_LR_300,fwd_2,0,0,43614,0,21808,5203.125
Test_05_A_LR_300,fwd_2,0,0,43484,0,21743,5171.875
Test_05_A_LR_300,fwd_2,0,0,44154,0,22078,5593.75
Test_05_A_LR_300,fwd_g2,24609,24308,903,0,48616,16093.75
Test_05_A_LR_300,fwd_g2,22345,22044,903,0,44088,14734.375
Test_05_A_LR_300,fwd_g2,22122,21821,903,0,43642,14453.125
Test_05_A_LR_400,fwd_2,0,0,78048,0,39025,13875.0
Test_05_A_LR_400,fwd_2,0,0,79648,0,39825,13484.375
Test_05_A_LR_400,fwd_2,0,0,77458,0,38730,12593.75
Test_05_A_LR_500,fwd_2,0,0,121030,0,60516,24437.5
Test_05_A_LR_500,fwd_2,0,0,123524,0,61763,24328.125
Test_05_B_RL_100,fwd_1,2826,2725,5450,0,5450,1171.875
Test_05_B_RL_100,fwd_1,2549,2448,4896,0,4896,843.75
Test_05_B_RL_100,fwd_1,2479,2378,4756,0,4756,843.75
Test_05_B_RL_100,fwd_e,51408,5449,5898,0,5898,4062.5
Test_05_B_RL_100,fwd_e,44822,5033,5066,0,5066,3546.875
Test_05_B_RL_100,fwd_e,45366,4992,4984,0,4984,3546.875
Test_05_B_RL_100,fwd_2,0,0,5578,0,2790,218.75
Test_05_B_RL_100,fwd_2,0,0,5564,0,2783,250.0
Test_05_B_RL_100,fwd_2,0,0,4534,0,2268,171.875
Test_05_B_RL_100,fwd_g2,2749,2648,303,0,5296,609.375
Test_05_B_RL_100,fwd_g2,2545,2444,303,0,4888,578.125
Test_05_B_RL_100,fwd_g2,2844,2743,303,0,5486,640.625
Test_05_B_RL_200,fwd_1,10556,10355,20710,0,20710,20093.75
Test_05_B_RL_200,fwd_1,10503,10302,20604,0,20604,19703.125
Test_05_B_RL_200,fwd_1,9910,9709,19418,0,19418,17609.375
Test_05_B_RL_200,fwd_2,0,0,20776,0,10389,1843.75
Test_05_B_RL_200,fwd_2,0,0,20732,0,10367,1859.375
Test_05_B_RL_200,fwd_2,0,0,19726,0,9864,1703.125
Test_05_B_RL_200,fwd_g2,9594,9393,603,0,18786,4265.625
Test_05_B_RL_200,fwd_g2,10348,10147,603,0,20294,4500.0
Test_05_B_RL_200,fwd_g2,9276,9075,603,0,18150,4031.25
Test_05_B_RL_300,fwd_2,0,0,42890,0,21446,5375.0
Test_05_B_RL_300,fwd_2,0,0,45434,0,22718,5609.375
Test_05_B_RL_300,fwd_2,0,0,43292,0,21647,5328.125
Test_05_B_RL_300,fwd_g2,23984,23683,903,0,47366,15734.375
Test_05_B_RL_300,fwd_g2,23849,23548,903,0,47096,16015.625
Test_05_B_RL_300,fwd_g2,24307,24006,903,0,48012,15421.875
Test_05_B_RL_400,fwd_2,0,0,80664,0,40333,13343.75
Test_05_B_RL_400,fwd_2,0,0,76640,0,38321,12859.375
Test_05_B_RL_400,fwd_2,0,0,80630,0,40316,13453.125
Test_05_B_RL_500,fwd_2,0,0,126000,0,63001,26984.375
Test_05_B_RL_500,fwd_2,0,0,131804,0,65903,27109.375
Test_05_B_RL_500,fwd_2,0,0,125060,0,62531,26500.0
